ID,order_ID,book_ID,quantity,amount
5b2f9d10-0001-4000-8000-000000000001,4a1f8c03-0001-4000-8000-000000000001,1001,2,8400
5b2f9d10-0002-4000-8000-000000000002,4a1f8c03-0001-4000-8000-000000000001,1003,1,2800
5b2f9d10-0003-4000-8000-000000000003,4a1f8c03-0001-4000-8000-000000000001,1005,1,4800
5b2f9d10-0004-4000-8000-000000000004,4a1f8c03-0002-4000-8000-000000000002,1002,1,3600
5b2f9d10-0005-4000-8000-000000000005,4a1f8c03-0003-4000-8000-000000000003,1001,1,4200
5b2f9d10-0006-4000-8000-000000000006,4a1f8c03-0003-4000-8000-000000000003,1004,2,10400
5b2f9d10-0007-4000-8000-000000000007,4a1f8c03-0003-4000-8000-000000000003,1003,1,2800
5b2f9d10-0008-4000-8000-000000000008,4a1f8c03-0004-4000-8000-000000000004,1005,1,4800
5b2f9d10-0009-4000-8000-000000000009,4a1f8c03-0004-4000-8000-000000000004,1003,1,2800
